[{"model": "restaurants.menu", "pk": 1, "fields": {"name": "음식"}}, {"model": "restaurants.category", "pk": 1, "fields": {"menu": 1, "name": "양식"}}, {"model": "restaurants.category", "pk": 2, "fields": {"menu": 1, "name": "한식"}}, {"model": "restaurants.category", "pk": 3, "fields": {"menu": 1, "name": "일식"}}, {"model": "restaurants.subcategory", "pk": 1, "fields": {"category": 1, "name": "피자"}}, {"model": "restaurants.subcategory", "pk": 2, "fields": {"category": 1, "name": "파스타"}}, {"model": "restaurants.subcategory", "pk": 3, "fields": {"category": 1, "name": "햄버거"}}, {"model": "restaurants.subcategory", "pk": 4, "fields": {"category": 2, "name": "국밥"}}, {"model": "restaurants.subcategory", "pk": 5, "fields": {"category": 2, "name": "숯불구이"}}, {"model": "restaurants.subcategory", "pk": 6, "fields": {"category": 2, "name": "면"}}, {"model": "restaurants.subcategory", "pk": 7, "fields": {"category": 3, "name": "초밥"}}, {"model": "restaurants.subcategory", "pk": 8, "fields": {"category": 3, "name": "돈까스"}}, {"model": "restaurants.subcategory", "pk": 9, "fields": {"category": 3, "name": "덮밥"}}, {"model": "restaurants.restaurant", "pk": 1, "fields": {"created_at": "2021-07-11T14:27:38.356", "updated_at": "2021-07-11T14:27:38.356", "sub_category": 1, "name": "작은피자집", "address": "서울특별시 동작구 사당로30길 96", "phone_number": "02-597-1987", "coordinate": "37.48067095912195, 126.98070288447914", "open_time": "11:30 - 01:00"}}, {"model": "restaurants.restaurant", "pk": 2, "fields": {"created_at": "2021-07-11T14:27:38.398", "updated_at": "2021-07-11T14:27:38.398", "sub_category": 1, "name": "지아니스나폴리", "address": "서울특별시 강남구 논현로94길 15 B1", "phone_number": "02-566-0501", "coordinate": "37.525867084719316, 127.04088573294698", "open_time": "11:30 - 22:30"}}, {"model": "restaurants.restaurant", "pk": 3, "fields": {"created_at": "2021-07-11T14:27:38.411", "updated_at": "2021-07-11T14:27:38.411", "sub_category": 1, "name": "PIZZA PIZZA", "address": "서울특별시 강남구 봉은사로34길 20 1F", "phone_number": "02-555-5578", "coordinate": "37.50724235896266, 127.0367518335156", "open_time": "17:00 - 02:00"}}, {"model": "restaurants.restaurant", "pk": 4, "fields": {"created_at": "2021-07-11T14:27:38.450", "updated_at": "2021-07-11T14:27:38.450", "sub_category": 1, "name": "파파존스", "address": "서울특별시 강남구 논현로 407", "phone_number": "02-3288-4382", "coordinate": "37.518878916025315, 127.03889707185184", "open_time": "11:00 - 22:30"}}, {"model": "restaurants.restaurant", "pk": 5, "fields": {"created_at": "2021-07-11T14:27:38.461", "updated_at": "2021-07-11T14:27:38.461", "sub_category": 2, "name": "그란구스또", "address": "서울특별시 강남구 삼성로 340 앨포트빌딩", "phone_number": "02-556-3960", "coordinate": "37.50251545929701, 127.05952414885397", "open_time": "11:30 - 22:00"}}, {"model": "restaurants.restaurant", "pk": 6, "fields": {"created_at": "2021-07-11T14:27:38.499", "updated_at": "2021-07-11T14:27:38.499", "sub_category": 2, "name": "스터번", "address": "서울특별시 강남구 강남대로94길 70", "phone_number": "070-8828-8100", "coordinate": "37.501367701748876, 127.0331363715759", "open_time": "11:30 - 23:00"}}, {"model": "restaurants.restaurant", "pk": 7, "fields": {"created_at": "2021-07-11T14:27:38.509", "updated_at": "2021-07-11T14:27:38.509", "sub_category": 2, "name": "조인바이트", "address": "서울특별시 강남구 선릉로112길 13", "phone_number": "02-3444-3611", "coordinate": "37.51231077547343, 127.0446417795384", "open_time": "11:00 - 02:00"}}, {"model": "restaurants.restaurant", "pk": 8, "fields": {"created_at": "2021-07-11T14:27:38.547", "updated_at": "2021-07-11T14:27:38.547", "sub_category": 2, "name": "일마지오", "address": "서울특별시 강남구 삼성로 511", "phone_number": "02-538-0133", "coordinate": "37.50842277448751, 127.05590568691908", "open_time": "11:30 - 22:30"}}, {"model": "restaurants.restaurant", "pk": 9, "fields": {"created_at": "2021-07-11T14:27:38.566", "updated_at": "2021-07-11T14:27:38.566", "sub_category": 3, "name": "미트앤번버거샵", "address": "서울특별시 강남구 테헤란로52길 16 테헤란아이파크 상가 10호", "phone_number": "02-565-1667", "coordinate": "37.503330998756425, 127.0474159102155", "open_time": "11:00 - 21:30"}}, {"model": "restaurants.restaurant", "pk": 10, "fields": {"created_at": "2021-07-11T14:27:38.608", "updated_at": "2021-07-11T14:27:38.608", "sub_category": 3, "name": "바스버거 ", "address": "서울특별시 강남구 삼성로85길 39 2F", "phone_number": "02-554-6653", "coordinate": "37.50489332123546, 127.05421304885486", "open_time": "11:00 - 22:30"}}, {"model": "restaurants.restaurant", "pk": 11, "fields": {"created_at": "2021-07-11T14:27:38.650", "updated_at": "2021-07-11T14:27:38.650", "sub_category": 3, "name": "버거킹 (선릉점)", "address": "서울특별시 강남구 선릉로 429", "phone_number": "02-3452-0377", "coordinate": "37.5042780731237, 127.04916891817383", "open_time": "00:00 - 24:00"}}, {"model": "restaurants.restaurant", "pk": 12, "fields": {"created_at": "2021-07-11T14:27:38.665", "updated_at": "2021-07-11T14:27:38.665", "sub_category": 3, "name": "곰스603", "address": "서울특별시 강남구 테헤란로82길 11 1F", "phone_number": "02-558-7959", "coordinate": "37.50681027018668, 127.05810537953627", "open_time": "10:30 - 21:30"}}, {"model": "restaurants.restaurant", "pk": 13, "fields": {"created_at": "2021-07-11T14:27:38.705", "updated_at": "2021-07-11T14:27:38.705", "sub_category": 4, "name": "농민백암순대", "address": "서울특별시 강남구 대치4동 선릉로86길 40-4", "phone_number": "02-555-9603", "coordinate": "37.50388311172545, 127.05306212807082", "open_time": "11:00 - 9:00"}}, {"model": "restaurants.restaurant", "pk": 14, "fields": {"created_at": "2021-07-11T14:27:38.718", "updated_at": "2021-07-11T14:27:38.718", "sub_category": 4, "name": "선릉순대국", "address": "서울특별시 강남구 역삼동 언주로98길 26", "phone_number": "02-569-1517", "coordinate": "37.50475343414632, 127.04382067779338", "open_time": "7:00 - 10:30"}}, {"model": "restaurants.restaurant", "pk": 15, "fields": {"created_at": "2021-07-11T14:27:38.760", "updated_at": "2021-07-11T14:27:38.760", "sub_category": 4, "name": "선릉을지순대국", "address": "서울특별시 강남구 대치4동 선릉로86길 46", "phone_number": "02-565-6777", "coordinate": "37.50412012508169, 127.05335573361594", "open_time": "9:00 - 10:00"}}, {"model": "restaurants.restaurant", "pk": 16, "fields": {"created_at": "2021-07-11T14:27:38.797", "updated_at": "2021-07-11T14:27:38.797", "sub_category": 4, "name": "순대국김밥천국", "address": "서울특별시 강남구 청담동 선릉로 712", "phone_number": "02-518-8799", "coordinate": "37.51858146650393, 127.04101679763369", "open_time": "8:00 - 12:00"}}, {"model": "restaurants.restaurant", "pk": 17, "fields": {"created_at": "2021-07-11T14:27:38.811", "updated_at": "2021-07-11T14:27:38.811", "sub_category": 5, "name": "육전식당", "address": "서울특별시 강남구 테헤란로8길 11-4 신도빌딩 1F", "phone_number": "02-3452-6373", "coordinate": "37.4991348732281, 127.03229666776107", "open_time": "11:30 - 23:00"}}, {"model": "restaurants.restaurant", "pk": 18, "fields": {"created_at": "2021-07-11T14:27:38.852", "updated_at": "2021-07-11T14:27:38.852", "sub_category": 5, "name": "땅코참숯구이", "address": "서울특별시 강남구 도곡로7길 28", "phone_number": "02-562-2009", "coordinate": "37.493156621301274, 127.03460354915414", "open_time": "16:00 - 01:00"}}, {"model": "restaurants.restaurant", "pk": 19, "fields": {"created_at": "2021-07-11T14:27:38.862", "updated_at": "2021-07-11T14:27:38.862", "sub_category": 5, "name": "돝고기506", "address": "서울특별시 강남구 역삼로17길 53", "phone_number": "02-6933-9506", "coordinate": "37.49832217102437, 127.03622885530399", "open_time": "11:00 - 23:00"}}, {"model": "restaurants.restaurant", "pk": 20, "fields": {"created_at": "2021-07-11T14:27:38.905", "updated_at": "2021-07-11T14:27:38.905", "sub_category": 5, "name": "호남마을", "address": "서울특별시 강남구 역삼로7길 2", "phone_number": "02-556-7701", "coordinate": "37.494509415180346, 127.03343846879754", "open_time": "17:00 - 08:00"}}, {"model": "restaurants.restaurant", "pk": 21, "fields": {"created_at": "2021-07-11T14:27:38.918", "updated_at": "2021-07-11T14:27:38.918", "sub_category": 6, "name": "반룡산", "address": "서울특별시 강남구 테헤란로78길 26 1F", "phone_number": "02-3446-8966", "coordinate": "37.504592237089334, 127.05579499763323", "open_time": "11:00 - 22:00"}}, {"model": "restaurants.restaurant", "pk": 22, "fields": {"created_at": "2021-07-11T14:27:38.959", "updated_at": "2021-07-11T14:27:38.959", "sub_category": 6, "name": "분짜라붐", "address": "서울특별시 강남구 테헤란로25길 13 1-2F", "phone_number": "02-567-5379", "coordinate": "37.50236945349907, 127.03518476213817", "open_time": "11:00 - 22:00"}}, {"model": "restaurants.restaurant", "pk": 23, "fields": {"created_at": "2021-07-11T14:27:39.001", "updated_at": "2021-07-11T14:27:39.001", "sub_category": 6, "name": "평양옥", "address": "서울특별시 강남구 논현로71길 18", "phone_number": "02-568-5114", "coordinate": "37.49582976063492, 127.03784550441333", "open_time": "11:30 - 21:00"}}, {"model": "restaurants.restaurant", "pk": 24, "fields": {"created_at": "2021-07-11T14:27:39.014", "updated_at": "2021-07-11T14:27:39.014", "sub_category": 6, "name": "을밀대", "address": "서울특별시 강남구 테헤란로4길 46", "phone_number": "02-552-1922", "coordinate": "37.49823004306024, 127.03387816879761", "open_time": "11:00 - 22:00"}}, {"model": "restaurants.restaurant", "pk": 25, "fields": {"created_at": "2021-07-11T14:27:39.054", "updated_at": "2021-07-11T14:27:39.054", "sub_category": 7, "name": "사까나야바로바로", "address": "서울 강남구 선릉로 528", "phone_number": "02-566-4485", "coordinate": "37.50696836632642, 127.04766594018224", "open_time": "10:00~20:00"}}, {"model": "restaurants.restaurant", "pk": 26, "fields": {"created_at": "2021-07-11T14:27:39.065", "updated_at": "2021-07-11T14:27:39.065", "sub_category": 7, "name": "스노우폭스", "address": "서울 강남구 테헤란로 415 1층", "phone_number": "02-552-8082", "coordinate": "37.50568001314444, 127.05153869823481", "open_time": "10:30~20:00"}}, {"model": "restaurants.restaurant", "pk": 27, "fields": {"created_at": "2021-07-11T14:27:39.105", "updated_at": "2021-07-11T14:27:39.105", "sub_category": 7, "name": "오또상 스시", "address": "서울 강남구 언주로98길 23", "phone_number": "0507-1406-5542", "coordinate": "37.50490571340944, 127.04383882707072", "open_time": "10:00~20:00"}}, {"model": "restaurants.restaurant", "pk": 28, "fields": {"created_at": "2021-07-11T14:27:39.117", "updated_at": "2021-07-11T14:27:39.117", "sub_category": 7, "name": "스시노스시", "address": "서울 강남구 역삼로 413 대치상부타워", "phone_number": "0507-1308-7898", "coordinate": "37.50117279143468, 127.0521526117268", "open_time": "08:00~19:00"}}, {"model": "restaurants.restaurant", "pk": 29, "fields": {"created_at": "2021-07-11T14:27:39.158", "updated_at": "2021-07-11T14:27:39.158", "sub_category": 8, "name": "브라운돈까스", "address": "서울 강남구 선릉로 520 선릉빌딩", "phone_number": "02-561-7996", "coordinate": "37.505862205797136, 127.05613298353698", "open_time": "10:00~22:00"}}, {"model": "restaurants.restaurant", "pk": 30, "fields": {"created_at": "2021-07-11T14:27:39.194", "updated_at": "2021-07-11T14:27:39.194", "sub_category": 8, "name": "오네창돈까스", "address": "서울 강남구 테헤란로78길 16", "phone_number": "0507-1362-8890", "coordinate": "37.50501070218462, 127.05545846939872", "open_time": "10:30~22:00"}}, {"model": "restaurants.restaurant", "pk": 31, "fields": {"created_at": "2021-07-11T14:27:39.213", "updated_at": "2021-07-11T14:27:39.213", "sub_category": 8, "name": "카즈야", "address": "서울 강남구 테헤란로27길 8-4 늘봄빌딩", "phone_number": "02-561-2625", "coordinate": "37.50500664625279, 127.0549171387108", "open_time": "11:00~20:00"}}, {"model": "restaurants.restaurant", "pk": 32, "fields": {"created_at": "2021-07-11T14:27:39.254", "updated_at": "2021-07-11T14:27:39.254", "sub_category": 8, "name": "오레노카츠", "address": "서울 강남구 삼성로81길 37", "phone_number": "0507-1312-4861", "coordinate": "37.50364589115228, 127.05462589823485", "open_time": "11:30~22:00"}}, {"model": "restaurants.restaurant", "pk": 33, "fields": {"created_at": "2021-07-11T14:27:39.267", "updated_at": "2021-07-11T14:27:39.267", "sub_category": 9, "name": "미식상점", "address": "서울 강남구 선릉로92길 25 2층, 3층 미식 상점", "phone_number": "02-554-0529", "coordinate": "37.50586277980937, 127.05070241357886", "open_time": "09:00~22:00"}}, {"model": "restaurants.restaurant", "pk": 34, "fields": {"created_at": "2021-07-11T14:27:39.305", "updated_at": "2021-07-11T14:27:39.305", "sub_category": 9, "name": "별미래", "address": "서울 강남구 삼성로85길 33", "phone_number": "0507-1410-6404", "coordinate": "37.504375391069175, 127.05468339823484", "open_time": "08:00~17:00"}}, {"model": "restaurants.restaurant", "pk": 35, "fields": {"created_at": "2021-07-11T14:27:39.315", "updated_at": "2021-07-11T14:27:39.315", "sub_category": 9, "name": "덮밥파는 덮밥집", "address": "서울 강남구 삼성로81길 43", "phone_number": "070-8837-8282", "coordinate": "37.50353669116478, 127.05430261357883", "open_time": "10:00~19:00"}}, {"model": "restaurants.restaurant", "pk": 36, "fields": {"created_at": "2021-07-11T14:27:39.355", "updated_at": "2021-07-11T14:27:39.355", "sub_category": 9, "name": "장정정", "address": "서울 강남구 삼성로 517 1층 105호", "phone_number": "0507-1328-9700", "coordinate": "37.50792061469774, 127.05534092707093", "open_time": "11:00~22:00"}}, {"model": "restaurants.food", "pk": 1, "fields": {"created_at": "2021-07-11T14:28:59.355", "updated_at": "2021-07-11T14:28:59.356", "restaurant": 1, "name": "더블치즈", "price": "13000.00"}}, {"model": "restaurants.food", "pk": 2, "fields": {"created_at": "2021-07-11T14:28:59.368", "updated_at": "2021-07-11T14:28:59.369", "restaurant": 1, "name": "트리플치즈", "price": "14000.00"}}, {"model": "restaurants.food", "pk": 3, "fields": {"created_at": "2021-07-11T14:28:59.400", "updated_at": "2021-07-11T14:28:59.400", "restaurant": 1, "name": "하와이안", "price": "15000.00"}}, {"model": "restaurants.food", "pk": 4, "fields": {"created_at": "2021-07-11T14:28:59.405", "updated_at": "2021-07-11T14:28:59.405", "restaurant": 1, "name": "페퍼로니", "price": "14000.00"}}, {"model": "restaurants.food", "pk": 5, "fields": {"created_at": "2021-07-11T14:28:59.411", "updated_at": "2021-07-11T14:28:59.411", "restaurant": 2, "name": "홍합 나티보", "price": "17000.00"}}, {"model": "restaurants.food", "pk": 6, "fields": {"created_at": "2021-07-11T14:28:59.417", "updated_at": "2021-07-11T14:28:59.417", "restaurant": 2, "name": "프레스케 봉골레", "price": "18000.00"}}, {"model": "restaurants.food", "pk": 7, "fields": {"created_at": "2021-07-11T14:28:59.451", "updated_at": "2021-07-11T14:28:59.451", "restaurant": 2, "name": "만조 크림 리조또", "price": "23000.00"}}, {"model": "restaurants.food", "pk": 8, "fields": {"created_at": "2021-07-11T14:28:59.459", "updated_at": "2021-07-11T14:28:59.459", "restaurant": 2, "name": "마르게리따 디 부꽐라", "price": "18000.00"}}, {"model": "restaurants.food", "pk": 9, "fields": {"created_at": "2021-07-11T14:28:59.465", "updated_at": "2021-07-11T14:28:59.465", "restaurant": 3, "name": "하와이안", "price": "20000.00"}}, {"model": "restaurants.food", "pk": 10, "fields": {"created_at": "2021-07-11T14:28:59.470", "updated_at": "2021-07-11T14:28:59.470", "restaurant": 3, "name": "고르곤졸라", "price": "22000.00"}}, {"model": "restaurants.food", "pk": 11, "fields": {"created_at": "2021-07-11T14:28:59.503", "updated_at": "2021-07-11T14:28:59.503", "restaurant": 3, "name": "불고기 ", "price": "14000.00"}}, {"model": "restaurants.food", "pk": 12, "fields": {"created_at": "2021-07-11T14:28:59.509", "updated_at": "2021-07-11T14:28:59.509", "restaurant": 3, "name": "닭고기", "price": "17000.00"}}, {"model": "restaurants.food", "pk": 13, "fields": {"created_at": "2021-07-11T14:28:59.514", "updated_at": "2021-07-11T14:28:59.515", "restaurant": 4, "name": "치즈", "price": "14000.00"}}, {"model": "restaurants.food", "pk": 14, "fields": {"created_at": "2021-07-11T14:28:59.520", "updated_at": "2021-07-11T14:28:59.520", "restaurant": 4, "name": "더블치즈", "price": "16000.00"}}, {"model": "restaurants.food", "pk": 15, "fields": {"created_at": "2021-07-11T14:28:59.553", "updated_at": "2021-07-11T14:28:59.553", "restaurant": 4, "name": "트리플치즈", "price": "18000.00"}}, {"model": "restaurants.food", "pk": 16, "fields": {"created_at": "2021-07-11T14:28:59.563", "updated_at": "2021-07-11T14:28:59.563", "restaurant": 4, "name": "콰트로치즈", "price": "20000.00"}}, {"model": "restaurants.food", "pk": 17, "fields": {"created_at": "2021-07-11T14:28:59.569", "updated_at": "2021-07-11T14:28:59.569", "restaurant": 5, "name": "고등어 파스타", "price": "14000.00"}}, {"model": "restaurants.food", "pk": 18, "fields": {"created_at": "2021-07-11T14:28:59.601", "updated_at": "2021-07-11T14:28:59.601", "restaurant": 5, "name": "연어 파스타", "price": "15000.00"}}, {"model": "restaurants.food", "pk": 19, "fields": {"created_at": "2021-07-11T14:28:59.609", "updated_at": "2021-07-11T14:28:59.609", "restaurant": 5, "name": "알리오올리오", "price": "12000.00"}}, {"model": "restaurants.food", "pk": 20, "fields": {"created_at": "2021-07-11T14:28:59.616", "updated_at": "2021-07-11T14:28:59.616", "restaurant": 5, "name": "토마토 파스타", "price": "15400.00"}}, {"model": "restaurants.food", "pk": 21, "fields": {"created_at": "2021-07-11T14:28:59.648", "updated_at": "2021-07-11T14:28:59.648", "restaurant": 6, "name": "트러플 파스타", "price": "20000.00"}}, {"model": "restaurants.food", "pk": 22, "fields": {"created_at": "2021-07-11T14:28:59.656", "updated_at": "2021-07-11T14:28:59.656", "restaurant": 6, "name": "소고기 파스타", "price": "24000.00"}}, {"model": "restaurants.food", "pk": 23, "fields": {"created_at": "2021-07-11T14:28:59.661", "updated_at": "2021-07-11T14:28:59.661", "restaurant": 6, "name": "알리오 올리오", "price": "27000.00"}}, {"model": "restaurants.food", "pk": 24, "fields": {"created_at": "2021-07-11T14:28:59.667", "updated_at": "2021-07-11T14:28:59.667", "restaurant": 6, "name": "토마토", "price": "22000.00"}}, {"model": "restaurants.food", "pk": 25, "fields": {"created_at": "2021-07-11T14:28:59.700", "updated_at": "2021-07-11T14:28:59.700", "restaurant": 7, "name": "바질 파스타", "price": "14000.00"}}, {"model": "restaurants.food", "pk": 26, "fields": {"created_at": "2021-07-11T14:28:59.706", "updated_at": "2021-07-11T14:28:59.706", "restaurant": 7, "name": "봉골레 파스타", "price": "20000.00"}}, {"model": "restaurants.food", "pk": 27, "fields": {"created_at": "2021-07-11T14:28:59.713", "updated_at": "2021-07-11T14:28:59.713", "restaurant": 7, "name": "알리오올리오", "price": "23000.00"}}, {"model": "restaurants.food", "pk": 28, "fields": {"created_at": "2021-07-11T14:28:59.718", "updated_at": "2021-07-11T14:28:59.718", "restaurant": 7, "name": "토마토 파스타", "price": "16000.00"}}, {"model": "restaurants.food", "pk": 29, "fields": {"created_at": "2021-07-11T14:28:59.750", "updated_at": "2021-07-11T14:28:59.750", "restaurant": 8, "name": "버섯 파스타", "price": "18000.00"}}, {"model": "restaurants.food", "pk": 30, "fields": {"created_at": "2021-07-11T14:28:59.759", "updated_at": "2021-07-11T14:28:59.759", "restaurant": 8, "name": "알리오올리오", "price": "13000.00"}}, {"model": "restaurants.food", "pk": 31, "fields": {"created_at": "2021-07-11T14:28:59.764", "updated_at": "2021-07-11T14:28:59.764", "restaurant": 8, "name": "토마토 파스타", "price": "15000.00"}}, {"model": "restaurants.food", "pk": 32, "fields": {"created_at": "2021-07-11T14:28:59.769", "updated_at": "2021-07-11T14:28:59.769", "restaurant": 8, "name": "빠네 파스타", "price": "22000.00"}}, {"model": "restaurants.food", "pk": 33, "fields": {"created_at": "2021-07-11T14:28:59.801", "updated_at": "2021-07-11T14:28:59.801", "restaurant": 9, "name": "아메리칸 버거", "price": "10000.00"}}, {"model": "restaurants.food", "pk": 34, "fields": {"created_at": "2021-07-11T14:28:59.810", "updated_at": "2021-07-11T14:28:59.810", "restaurant": 9, "name": "켄자스 버서", "price": "12000.00"}}, {"model": "restaurants.food", "pk": 35, "fields": {"created_at": "2021-07-11T14:28:59.815", "updated_at": "2021-07-11T14:28:59.816", "restaurant": 9, "name": "볼케이노 버거", "price": "8000.00"}}, {"model": "restaurants.food", "pk": 36, "fields": {"created_at": "2021-07-11T14:28:59.846", "updated_at": "2021-07-11T14:28:59.846", "restaurant": 9, "name": "치즈 버거", "price": "10000.00"}}, {"model": "restaurants.food", "pk": 37, "fields": {"created_at": "2021-07-11T14:28:59.853", "updated_at": "2021-07-11T14:28:59.853", "restaurant": 10, "name": "바스버거", "price": "7300.00"}}, {"model": "restaurants.food", "pk": 38, "fields": {"created_at": "2021-07-11T14:28:59.858", "updated_at": "2021-07-11T14:28:59.859", "restaurant": 10, "name": "치즈버거", "price": "8900.00"}}, {"model": "restaurants.food", "pk": 39, "fields": {"created_at": "2021-07-11T14:28:59.864", "updated_at": "2021-07-11T14:28:59.864", "restaurant": 10, "name": "칠면조버거", "price": "7900.00"}}, {"model": "restaurants.food", "pk": 40, "fields": {"created_at": "2021-07-11T14:28:59.870", "updated_at": "2021-07-11T14:28:59.870", "restaurant": 10, "name": "탐욕버거", "price": "12100.00"}}, {"model": "restaurants.food", "pk": 41, "fields": {"created_at": "2021-07-11T14:28:59.904", "updated_at": "2021-07-11T14:28:59.904", "restaurant": 11, "name": "와퍼", "price": "5000.00"}}, {"model": "restaurants.food", "pk": 42, "fields": {"created_at": "2021-07-11T14:28:59.910", "updated_at": "2021-07-11T14:28:59.910", "restaurant": 11, "name": "주니어와퍼", "price": "4000.00"}}, {"model": "restaurants.food", "pk": 43, "fields": {"created_at": "2021-07-11T14:28:59.915", "updated_at": "2021-07-11T14:28:59.915", "restaurant": 11, "name": "치킨버거", "price": "6800.00"}}, {"model": "restaurants.food", "pk": 44, "fields": {"created_at": "2021-07-11T14:28:59.947", "updated_at": "2021-07-11T14:28:59.947", "restaurant": 11, "name": "트러플머쉬룸 와퍼", "price": "8800.00"}}, {"model": "restaurants.food", "pk": 45, "fields": {"created_at": "2021-07-11T14:28:59.955", "updated_at": "2021-07-11T14:28:59.955", "restaurant": 12, "name": "곰스버거", "price": "7000.00"}}, {"model": "restaurants.food", "pk": 46, "fields": {"created_at": "2021-07-11T14:28:59.961", "updated_at": "2021-07-11T14:28:59.961", "restaurant": 12, "name": "곰곰스버거", "price": "8000.00"}}, {"model": "restaurants.food", "pk": 47, "fields": {"created_at": "2021-07-11T14:28:59.968", "updated_at": "2021-07-11T14:28:59.968", "restaurant": 12, "name": "곰곰곰스버거", "price": "9000.00"}}, {"model": "restaurants.food", "pk": 48, "fields": {"created_at": "2021-07-11T14:29:00.048", "updated_at": "2021-07-11T14:29:00.048", "restaurant": 12, "name": "곰곰곰곰스버거", "price": "10000.00"}}, {"model": "restaurants.food", "pk": 49, "fields": {"created_at": "2021-07-11T14:29:00.052", "updated_at": "2021-07-11T14:29:00.052", "restaurant": 13, "name": "국밥", "price": "7000.00"}}, {"model": "restaurants.food", "pk": 50, "fields": {"created_at": "2021-07-11T14:29:00.061", "updated_at": "2021-07-11T14:29:00.061", "restaurant": 13, "name": "토종순대", "price": "13000.00"}}, {"model": "restaurants.food", "pk": 51, "fields": {"created_at": "2021-07-11T14:29:00.066", "updated_at": "2021-07-11T14:29:00.066", "restaurant": 13, "name": "술국", "price": "15000.00"}}, {"model": "restaurants.food", "pk": 52, "fields": {"created_at": "2021-07-11T14:29:00.096", "updated_at": "2021-07-11T14:29:00.096", "restaurant": 13, "name": "모둠수육", "price": "25000.00"}}, {"model": "restaurants.food", "pk": 53, "fields": {"created_at": "2021-07-11T14:29:00.112", "updated_at": "2021-07-11T14:29:00.112", "restaurant": 14, "name": "술국", "price": "16000.00"}}, {"model": "restaurants.food", "pk": 54, "fields": {"created_at": "2021-07-11T14:29:00.152", "updated_at": "2021-07-11T14:29:00.152", "restaurant": 14, "name": "머리고기", "price": "26000.00"}}, {"model": "restaurants.food", "pk": 55, "fields": {"created_at": "2021-07-11T14:29:00.159", "updated_at": "2021-07-11T14:29:00.159", "restaurant": 14, "name": "순대국", "price": "8000.00"}}, {"model": "restaurants.food", "pk": 56, "fields": {"created_at": "2021-07-11T14:29:00.164", "updated_at": "2021-07-11T14:29:00.164", "restaurant": 14, "name": "순대국특", "price": "13000.00"}}, {"model": "restaurants.food", "pk": 57, "fields": {"created_at": "2021-07-11T14:29:00.197", "updated_at": "2021-07-11T14:29:00.197", "restaurant": 15, "name": "순대국", "price": "8000.00"}}, {"model": "restaurants.food", "pk": 58, "fields": {"created_at": "2021-07-11T14:29:00.205", "updated_at": "2021-07-11T14:29:00.205", "restaurant": 15, "name": "순대국특", "price": "9000.00"}}, {"model": "restaurants.food", "pk": 59, "fields": {"created_at": "2021-07-11T14:29:00.213", "updated_at": "2021-07-11T14:29:00.213", "restaurant": 15, "name": "육개장", "price": "9000.00"}}, {"model": "restaurants.food", "pk": 60, "fields": {"created_at": "2021-07-11T14:29:00.249", "updated_at": "2021-07-11T14:29:00.249", "restaurant": 15, "name": "육개장라면", "price": "7000.00"}}, {"model": "restaurants.food", "pk": 61, "fields": {"created_at": "2021-07-11T14:29:00.257", "updated_at": "2021-07-11T14:29:00.257", "restaurant": 16, "name": "순대국", "price": "7000.00"}}, {"model": "restaurants.food", "pk": 62, "fields": {"created_at": "2021-07-11T14:29:00.263", "updated_at": "2021-07-11T14:29:00.263", "restaurant": 16, "name": "육개장", "price": "8000.00"}}, {"model": "restaurants.food", "pk": 63, "fields": {"created_at": "2021-07-11T14:29:00.269", "updated_at": "2021-07-11T14:29:00.269", "restaurant": 16, "name": "선지국", "price": "7000.00"}}, {"model": "restaurants.food", "pk": 64, "fields": {"created_at": "2021-07-11T14:29:00.301", "updated_at": "2021-07-11T14:29:00.301", "restaurant": 16, "name": "콩나물해장국", "price": "6000.00"}}, {"model": "restaurants.food", "pk": 65, "fields": {"created_at": "2021-07-11T14:29:00.308", "updated_at": "2021-07-11T14:29:00.308", "restaurant": 17, "name": "통목살", "price": "16000.00"}}, {"model": "restaurants.food", "pk": 66, "fields": {"created_at": "2021-07-11T14:29:00.318", "updated_at": "2021-07-11T14:29:00.318", "restaurant": 17, "name": "통삼겹살", "price": "16000.00"}}, {"model": "restaurants.food", "pk": 67, "fields": {"created_at": "2021-07-11T14:29:00.352", "updated_at": "2021-07-11T14:29:00.352", "restaurant": 17, "name": "항정살", "price": "18000.00"}}, {"model": "restaurants.food", "pk": 68, "fields": {"created_at": "2021-07-11T14:29:00.361", "updated_at": "2021-07-11T14:29:00.361", "restaurant": 17, "name": "제육백반", "price": "80000.00"}}, {"model": "restaurants.food", "pk": 69, "fields": {"created_at": "2021-07-11T14:29:00.366", "updated_at": "2021-07-11T14:29:00.366", "restaurant": 18, "name": "목살", "price": "15000.00"}}, {"model": "restaurants.food", "pk": 70, "fields": {"created_at": "2021-07-11T14:29:00.397", "updated_at": "2021-07-11T14:29:00.397", "restaurant": 18, "name": "삼겹살", "price": "15000.00"}}, {"model": "restaurants.food", "pk": 71, "fields": {"created_at": "2021-07-11T14:29:00.404", "updated_at": "2021-07-11T14:29:00.404", "restaurant": 18, "name": "갈매기살", "price": "15000.00"}}, {"model": "restaurants.food", "pk": 72, "fields": {"created_at": "2021-07-11T14:29:00.412", "updated_at": "2021-07-11T14:29:00.412", "restaurant": 18, "name": "갈비", "price": "14000.00"}}, {"model": "restaurants.food", "pk": 73, "fields": {"created_at": "2021-07-11T14:29:00.419", "updated_at": "2021-07-11T14:29:00.419", "restaurant": 19, "name": "숙성삼겹살", "price": "17000.00"}}, {"model": "restaurants.food", "pk": 74, "fields": {"created_at": "2021-07-11T14:29:00.450", "updated_at": "2021-07-11T14:29:00.450", "restaurant": 19, "name": "숙성목살", "price": "17000.00"}}, {"model": "restaurants.food", "pk": 75, "fields": {"created_at": "2021-07-11T14:29:00.457", "updated_at": "2021-07-11T14:29:00.457", "restaurant": 19, "name": "이베리코삼겹살", "price": "19000.00"}}, {"model": "restaurants.food", "pk": 76, "fields": {"created_at": "2021-07-11T14:29:00.462", "updated_at": "2021-07-11T14:29:00.462", "restaurant": 19, "name": "채끝등심", "price": "37000.00"}}, {"model": "restaurants.food", "pk": 77, "fields": {"created_at": "2021-07-11T14:29:00.467", "updated_at": "2021-07-11T14:29:00.468", "restaurant": 20, "name": "삼겹살", "price": "13000.00"}}, {"model": "restaurants.food", "pk": 78, "fields": {"created_at": "2021-07-11T14:29:00.499", "updated_at": "2021-07-11T14:29:00.499", "restaurant": 20, "name": "오겹살", "price": "15000.00"}}, {"model": "restaurants.food", "pk": 79, "fields": {"created_at": "2021-07-11T14:29:00.506", "updated_at": "2021-07-11T14:29:00.506", "restaurant": 20, "name": "목살", "price": "13000.00"}}, {"model": "restaurants.food", "pk": 80, "fields": {"created_at": "2021-07-11T14:29:00.511", "updated_at": "2021-07-11T14:29:00.511", "restaurant": 20, "name": "갈매기살", "price": "14000.00"}}, {"model": "restaurants.food", "pk": 81, "fields": {"created_at": "2021-07-11T14:29:00.517", "updated_at": "2021-07-11T14:29:00.517", "restaurant": 21, "name": "물냉면", "price": "10000.00"}}, {"model": "restaurants.food", "pk": 82, "fields": {"created_at": "2021-07-11T14:29:00.549", "updated_at": "2021-07-11T14:29:00.549", "restaurant": 21, "name": "비빔냉면", "price": "10000.00"}}, {"model": "restaurants.food", "pk": 83, "fields": {"created_at": "2021-07-11T14:29:00.556", "updated_at": "2021-07-11T14:29:00.556", "restaurant": 21, "name": "막국수", "price": "10000.00"}}, {"model": "restaurants.food", "pk": 84, "fields": {"created_at": "2021-07-11T14:29:00.563", "updated_at": "2021-07-11T14:29:00.563", "restaurant": 21, "name": "왕만두", "price": "8000.00"}}, {"model": "restaurants.food", "pk": 85, "fields": {"created_at": "2021-07-11T14:29:00.570", "updated_at": "2021-07-11T14:29:00.570", "restaurant": 22, "name": "하노이쌀국수", "price": "9500.00"}}, {"model": "restaurants.food", "pk": 86, "fields": {"created_at": "2021-07-11T14:29:00.602", "updated_at": "2021-07-11T14:29:00.602", "restaurant": 22, "name": "직화분짜", "price": "14000.00"}}, {"model": "restaurants.food", "pk": 87, "fields": {"created_at": "2021-07-11T14:29:00.607", "updated_at": "2021-07-11T14:29:00.607", "restaurant": 22, "name": "분보남보", "price": "12500.00"}}, {"model": "restaurants.food", "pk": 88, "fields": {"created_at": "2021-07-11T14:29:00.613", "updated_at": "2021-07-11T14:29:00.613", "restaurant": 22, "name": "분지우", "price": "12500.00"}}, {"model": "restaurants.food", "pk": 89, "fields": {"created_at": "2021-07-11T14:29:00.619", "updated_at": "2021-07-11T14:29:00.619", "restaurant": 23, "name": "평양냉면", "price": "10000.00"}}, {"model": "restaurants.food", "pk": 90, "fields": {"created_at": "2021-07-11T14:29:00.652", "updated_at": "2021-07-11T14:29:00.652", "restaurant": 23, "name": "비빔냉면", "price": "10000.00"}}, {"model": "restaurants.food", "pk": 91, "fields": {"created_at": "2021-07-11T14:29:00.658", "updated_at": "2021-07-11T14:29:00.658", "restaurant": 23, "name": "막국수", "price": "9000.00"}}, {"model": "restaurants.food", "pk": 92, "fields": {"created_at": "2021-07-11T14:29:00.664", "updated_at": "2021-07-11T14:29:00.664", "restaurant": 23, "name": "평양손만두", "price": "8000.00"}}, {"model": "restaurants.food", "pk": 93, "fields": {"created_at": "2021-07-11T14:29:00.697", "updated_at": "2021-07-11T14:29:00.697", "restaurant": 24, "name": "물냉면", "price": "10000.00"}}, {"model": "restaurants.food", "pk": 94, "fields": {"created_at": "2021-07-11T14:29:00.704", "updated_at": "2021-07-11T14:29:00.704", "restaurant": 24, "name": "비빔냉면", "price": "10000.00"}}, {"model": "restaurants.food", "pk": 95, "fields": {"created_at": "2021-07-11T14:29:00.712", "updated_at": "2021-07-11T14:29:00.712", "restaurant": 24, "name": "막국수", "price": "10000.00"}}, {"model": "restaurants.food", "pk": 96, "fields": {"created_at": "2021-07-11T14:29:00.719", "updated_at": "2021-07-11T14:29:00.719", "restaurant": 24, "name": "만두", "price": "12000.00"}}, {"model": "restaurants.food", "pk": 97, "fields": {"created_at": "2021-07-11T14:29:00.751", "updated_at": "2021-07-11T14:29:00.751", "restaurant": 25, "name": "특초밥(12pc)", "price": "15000.00"}}, {"model": "restaurants.food", "pk": 98, "fields": {"created_at": "2021-07-11T14:29:00.756", "updated_at": "2021-07-11T14:29:00.756", "restaurant": 25, "name": "모듬초밥(10pc)", "price": "10000.00"}}, {"model": "restaurants.food", "pk": 99, "fields": {"created_at": "2021-07-11T14:29:00.760", "updated_at": "2021-07-11T14:29:00.760", "restaurant": 25, "name": "스페셜초밥(12pc)", "price": "20000.00"}}, {"model": "restaurants.food", "pk": 100, "fields": {"created_at": "2021-07-11T14:29:00.766", "updated_at": "2021-07-11T14:29:00.766", "restaurant": 25, "name": "참치초밥(10pc)", "price": "20000.00"}}, {"model": "restaurants.food", "pk": 101, "fields": {"created_at": "2021-07-11T14:29:00.797", "updated_at": "2021-07-11T14:29:00.797", "restaurant": 26, "name": "필라델피아롤", "price": "8400.00"}}, {"model": "restaurants.food", "pk": 102, "fields": {"created_at": "2021-07-11T14:29:00.805", "updated_at": "2021-07-11T14:29:00.805", "restaurant": 26, "name": "다니엘 스페셜", "price": "13900.00"}}, {"model": "restaurants.food", "pk": 103, "fields": {"created_at": "2021-07-11T14:29:00.812", "updated_at": "2021-07-11T14:29:00.812", "restaurant": 26, "name": "장어 드래곤롤", "price": "9500.00"}}, {"model": "restaurants.food", "pk": 104, "fields": {"created_at": "2021-07-11T14:29:00.818", "updated_at": "2021-07-11T14:29:00.818", "restaurant": 26, "name": "롤 니기리콤보", "price": "11900.00"}}, {"model": "restaurants.food", "pk": 105, "fields": {"created_at": "2021-07-11T14:29:00.849", "updated_at": "2021-07-11T14:29:00.849", "restaurant": 27, "name": "오또상 스시(12pc)", "price": "15000.00"}}, {"model": "restaurants.food", "pk": 106, "fields": {"created_at": "2021-07-11T14:29:00.855", "updated_at": "2021-07-11T14:29:00.855", "restaurant": 27, "name": "스페셜 오또상 스시(14pc)", "price": "25000.00"}}, {"model": "restaurants.food", "pk": 107, "fields": {"created_at": "2021-07-11T14:29:00.861", "updated_at": "2021-07-11T14:29:00.861", "restaurant": 27, "name": "연어초밥(10pc)", "price": "18000.00"}}, {"model": "restaurants.food", "pk": 108, "fields": {"created_at": "2021-07-11T14:29:00.866", "updated_at": "2021-07-11T14:29:00.866", "restaurant": 27, "name": "연어뱃살초밥(10pc)", "price": "20000.00"}}, {"model": "restaurants.food", "pk": 109, "fields": {"created_at": "2021-07-11T14:29:00.897", "updated_at": "2021-07-11T14:29:00.897", "restaurant": 28, "name": "VIP초밥", "price": "25000.00"}}, {"model": "restaurants.food", "pk": 110, "fields": {"created_at": "2021-07-11T14:29:00.904", "updated_at": "2021-07-11T14:29:00.904", "restaurant": 28, "name": "특선초밥", "price": "15000.00"}}, {"model": "restaurants.food", "pk": 111, "fields": {"created_at": "2021-07-11T14:29:00.910", "updated_at": "2021-07-11T14:29:00.910", "restaurant": 28, "name": "스페셜초밥", "price": "18000.00"}}, {"model": "restaurants.food", "pk": 112, "fields": {"created_at": "2021-07-11T14:29:00.916", "updated_at": "2021-07-11T14:29:00.916", "restaurant": 28, "name": "모듬초밥", "price": "25000.00"}}, {"model": "restaurants.food", "pk": 113, "fields": {"created_at": "2021-07-11T14:29:00.949", "updated_at": "2021-07-11T14:29:00.949", "restaurant": 29, "name": "홍수치즈 돈까스", "price": "12000.00"}}, {"model": "restaurants.food", "pk": 114, "fields": {"created_at": "2021-07-11T14:29:00.956", "updated_at": "2021-07-11T14:29:00.956", "restaurant": 29, "name": "등심 돈까스", "price": "9500.00"}}, {"model": "restaurants.food", "pk": 115, "fields": {"created_at": "2021-07-11T14:29:00.962", "updated_at": "2021-07-11T14:29:00.962", "restaurant": 29, "name": "콤보 돈까스", "price": "10500.00"}}, {"model": "restaurants.food", "pk": 116, "fields": {"created_at": "2021-07-11T14:29:00.967", "updated_at": "2021-07-11T14:29:00.967", "restaurant": 29, "name": "매운 돈까스", "price": "10000.00"}}, {"model": "restaurants.food", "pk": 117, "fields": {"created_at": "2021-07-11T14:29:01.001", "updated_at": "2021-07-11T14:29:01.001", "restaurant": 30, "name": "로스가츠", "price": "8000.00"}}, {"model": "restaurants.food", "pk": 118, "fields": {"created_at": "2021-07-11T14:29:01.009", "updated_at": "2021-07-11T14:29:01.009", "restaurant": 30, "name": "히레가츠", "price": "8500.00"}}, {"model": "restaurants.food", "pk": 119, "fields": {"created_at": "2021-07-11T14:29:01.014", "updated_at": "2021-07-11T14:29:01.014", "restaurant": 30, "name": "반반가츠", "price": "9000.00"}}, {"model": "restaurants.food", "pk": 120, "fields": {"created_at": "2021-07-11T14:29:01.019", "updated_at": "2021-07-11T14:29:01.019", "restaurant": 30, "name": "가츠돈부리", "price": "7500.00"}}, {"model": "restaurants.food", "pk": 121, "fields": {"created_at": "2021-07-11T14:29:01.052", "updated_at": "2021-07-11T14:29:01.052", "restaurant": 31, "name": "레이디까스", "price": "10000.00"}}, {"model": "restaurants.food", "pk": 122, "fields": {"created_at": "2021-07-11T14:29:01.059", "updated_at": "2021-07-11T14:29:01.059", "restaurant": 31, "name": "생선까스", "price": "8000.00"}}, {"model": "restaurants.food", "pk": 123, "fields": {"created_at": "2021-07-11T14:29:01.065", "updated_at": "2021-07-11T14:29:01.065", "restaurant": 31, "name": "카레돈까스", "price": "9000.00"}}, {"model": "restaurants.food", "pk": 124, "fields": {"created_at": "2021-07-11T14:29:01.097", "updated_at": "2021-07-11T14:29:01.097", "restaurant": 31, "name": "모듬까스", "price": "11000.00"}}, {"model": "restaurants.food", "pk": 125, "fields": {"created_at": "2021-07-11T14:29:01.104", "updated_at": "2021-07-11T14:29:01.104", "restaurant": 32, "name": "스바라시정식", "price": "15000.00"}}, {"model": "restaurants.food", "pk": 126, "fields": {"created_at": "2021-07-11T14:29:01.111", "updated_at": "2021-07-11T14:29:01.111", "restaurant": 32, "name": "스고이정식", "price": "12500.00"}}, {"model": "restaurants.food", "pk": 127, "fields": {"created_at": "2021-07-11T14:29:01.117", "updated_at": "2021-07-11T14:29:01.117", "restaurant": 32, "name": "수제비빔돈카츠", "price": "9500.00"}}, {"model": "restaurants.food", "pk": 128, "fields": {"created_at": "2021-07-11T14:29:01.154", "updated_at": "2021-07-11T14:29:01.154", "restaurant": 32, "name": "수제매콤돈카츠", "price": "9500.00"}}, {"model": "restaurants.food", "pk": 129, "fields": {"created_at": "2021-07-11T14:29:01.160", "updated_at": "2021-07-11T14:29:01.160", "restaurant": 33, "name": "성게알참치회덮밥", "price": "19000.00"}}, {"model": "restaurants.food", "pk": 130, "fields": {"created_at": "2021-07-11T14:29:01.165", "updated_at": "2021-07-11T14:29:01.165", "restaurant": 33, "name": "계란돼지고기덮밥", "price": "12000.00"}}, {"model": "restaurants.food", "pk": 131, "fields": {"created_at": "2021-07-11T14:29:01.170", "updated_at": "2021-07-11T14:29:01.170", "restaurant": 33, "name": "규동", "price": "13000.00"}}, {"model": "restaurants.food", "pk": 132, "fields": {"created_at": "2021-07-11T14:29:01.201", "updated_at": "2021-07-11T14:29:01.201", "restaurant": 33, "name": "스테이크덮밥", "price": "17000.00"}}, {"model": "restaurants.food", "pk": 133, "fields": {"created_at": "2021-07-11T14:29:01.206", "updated_at": "2021-07-11T14:29:01.206", "restaurant": 34, "name": "갈매기살구이덮밥", "price": "9000.00"}}, {"model": "restaurants.food", "pk": 134, "fields": {"created_at": "2021-07-11T14:29:01.210", "updated_at": "2021-07-11T14:29:01.210", "restaurant": 34, "name": "삼겹차슈덮밥", "price": "9000.00"}}, {"model": "restaurants.food", "pk": 135, "fields": {"created_at": "2021-07-11T14:29:01.214", "updated_at": "2021-07-11T14:29:01.214", "restaurant": 34, "name": "간장제육덮밥", "price": "9000.00"}}, {"model": "restaurants.food", "pk": 136, "fields": {"created_at": "2021-07-11T14:29:01.218", "updated_at": "2021-07-11T14:29:01.218", "restaurant": 34, "name": "명란구이덮밥", "price": "9000.00"}}, {"model": "restaurants.food", "pk": 137, "fields": {"created_at": "2021-07-11T14:29:01.247", "updated_at": "2021-07-11T14:29:01.247", "restaurant": 35, "name": "호르몬동", "price": "12500.00"}}, {"model": "restaurants.food", "pk": 138, "fields": {"created_at": "2021-07-11T14:29:01.254", "updated_at": "2021-07-11T14:29:01.254", "restaurant": 35, "name": "간장제육숯불덮밥", "price": "9000.00"}}, {"model": "restaurants.food", "pk": 139, "fields": {"created_at": "2021-07-11T14:29:01.260", "updated_at": "2021-07-11T14:29:01.260", "restaurant": 35, "name": "김치제육 굴소스 덮밥", "price": "9000.00"}}, {"model": "restaurants.food", "pk": 140, "fields": {"created_at": "2021-07-11T14:29:01.265", "updated_at": "2021-07-11T14:29:01.265", "restaurant": 35, "name": "히츠마부시", "price": "28500.00"}}, {"model": "restaurants.food", "pk": 141, "fields": {"created_at": "2021-07-11T14:29:01.270", "updated_at": "2021-07-11T14:29:01.270", "restaurant": 36, "name": "스테이크덮밥정식", "price": "12000.00"}}, {"model": "restaurants.food", "pk": 142, "fields": {"created_at": "2021-07-11T14:29:01.303", "updated_at": "2021-07-11T14:29:01.303", "restaurant": 36, "name": "칠리새우덮밥정식", "price": "10000.00"}}, {"model": "restaurants.food", "pk": 143, "fields": {"created_at": "2021-07-11T14:29:01.311", "updated_at": "2021-07-11T14:29:01.311", "restaurant": 36, "name": "장정정한판플래터", "price": "33000.00"}}, {"model": "restaurants.food", "pk": 144, "fields": {"created_at": "2021-07-11T14:29:01.318", "updated_at": "2021-07-11T14:29:01.318", "restaurant": 36, "name": "숯불고기덮밥정식", "price": "9000.00"}}, {"model": "restaurants.image", "pk": 1, "fields": {"food": 1, "image_url": "https://images.unsplash.com/photo-1513104890138-7c749659a591?ixid=MnwxMjA3fDB8MHxwaG90by1wYWdlfHx8fGVufDB8fHx8&ixlib=rb-1.2.1&auto=format&fit=crop&w=2250&q=80"}}, {"model": "restaurants.image", "pk": 2, "fields": {"food": 2, "image_url": "https://image.shutterstock.com/image-photo/homemade-pepperoni-pizza-mozzarella-cheese-600w-1933252832.jpg"}}, {"model": "restaurants.image", "pk": 3, "fields": {"food": 3, "image_url": "https://image.shutterstock.com/image-photo/pizza-salami-cheese-on-box-600w-1923205127.jpg"}}, {"model": "restaurants.image", "pk": 4, "fields": {"food": 4, "image_url": "https://image.shutterstock.com/image-photo/concept-promotional-flyer-poster-restaurants-600w-794244712.jpg"}}, {"model": "restaurants.image", "pk": 5, "fields": {"food": 5, "image_url": "https://image.shutterstock.com/image-photo/italian-pizza-margherita-greens-on-260nw-1939255438.jpg"}}, {"model": "restaurants.image", "pk": 6, "fields": {"food": 6, "image_url": "https://image.shutterstock.com/image-photo/hot-pizza-slice-melting-cheese-260nw-378226756.jpg"}}, {"model": "restaurants.image", "pk": 7, "fields": {"food": 7, "image_url": "https://image.shutterstock.com/image-photo/fresh-pizza-tomatoes-cheese-mushrooms-260nw-528695131.jpg"}}, {"model": "restaurants.image", "pk": 8, "fields": {"food": 8, "image_url": "https://image.shutterstock.com/image-photo/supreme-pizza-lifted-slice-1-260nw-84904912.jpg"}}, {"model": "restaurants.image", "pk": 9, "fields": {"food": 9, "image_url": "https://image.shutterstock.com/image-photo/traditional-neapolitan-pizza-260nw-1051494194.jpg"}}, {"model": "restaurants.image", "pk": 10, "fields": {"food": 10, "image_url": "https://image.shutterstock.com/image-photo/american-pizza-pepperoni-mozzarella-tomato-260nw-697347319.jpg"}}, {"model": "restaurants.image", "pk": 11, "fields": {"food": 11, "image_url": "https://image.shutterstock.com/image-photo/pizza-margherita-mozzarella-isolated-on-260nw-582934354.jpg"}}, {"model": "restaurants.image", "pk": 12, "fields": {"food": 12, "image_url": "https://image.shutterstock.com/image-photo/mixture-pizza-italian-food-260nw-332497832.jpg"}}, {"model": "restaurants.image", "pk": 13, "fields": {"food": 13, "image_url": "https://image.shutterstock.com/image-photo/creative-layout-hot-delicious-pizza-260nw-1377288449.jpg"}}, {"model": "restaurants.image", "pk": 14, "fields": {"food": 14, "image_url": "https://image.shutterstock.com/image-photo/margherita-italian-pizza-melted-mozzarella-260nw-510372334.jpg"}}, {"model": "restaurants.image", "pk": 15, "fields": {"food": 15, "image_url": "https://image.shutterstock.com/image-photo/pizza-margarita-mozzarella-cheese-basil-260nw-794067391.jpg"}}, {"model": "restaurants.image", "pk": 16, "fields": {"food": 16, "image_url": "https://image.shutterstock.com/image-photo/italian-pizza-restaurant-menu-classic-260nw-735549616.jpg"}}, {"model": "restaurants.image", "pk": 17, "fields": {"food": 17, "image_url": "https://images.unsplash.com/photo-1616299915952-04c803388e5f?ixid=MnwxMjA3fDB8MHxwaG90by1wYWdlfHx8fGVufDB8fHx8&ixlib=rb-1.2.1&auto=format&fit=crop&w=1914&q=80"}}, {"model": "restaurants.image", "pk": 18, "fields": {"food": 18, "image_url": "https://image.shutterstock.com/image-photo/fries-cheddar-bacon-green-260nw-1925175326.jpg"}}, {"model": "restaurants.image", "pk": 19, "fields": {"food": 19, "image_url": "https://image.shutterstock.com/image-photo/penne-pasta-tomato-sauce-chicken-260nw-275882210.jpg"}}, {"model": "restaurants.image", "pk": 20, "fields": {"food": 20, "image_url": "https://image.shutterstock.com/image-photo/top-view-frying-pan-filled-260nw-1048781273.jpg"}}, {"model": "restaurants.image", "pk": 21, "fields": {"food": 21, "image_url": "https://image.shutterstock.com/image-photo/italian-pasta-fettuccine-creamy-sauce-260nw-1066956164.jpg"}}, {"model": "restaurants.image", "pk": 22, "fields": {"food": 22, "image_url": "https://image.shutterstock.com/image-photo/pasta-spaghetti-zucchini-basil-cream-260nw-1010951014.jpg"}}, {"model": "restaurants.image", "pk": 23, "fields": {"food": 23, "image_url": "https://image.shutterstock.com/image-photo/penne-pasta-tomato-sauce-chicken-260nw-275882114.jpg"}}, {"model": "restaurants.image", "pk": 24, "fields": {"food": 24, "image_url": "https://image.shutterstock.com/image-photo/pasta-spaghetti-zucchini-basil-cream-260nw-1010951014.jpg"}}, {"model": "restaurants.image", "pk": 25, "fields": {"food": 25, "image_url": "https://image.shutterstock.com/image-photo/pasta-green-vegetables-creamy-sauce-260nw-601323332.jpg"}}, {"model": "restaurants.image", "pk": 26, "fields": {"food": 26, "image_url": "https://image.shutterstock.com/image-photo/pasta-alla-puttanesca-garlic-olives-260nw-1437279164.jpg"}}, {"model": "restaurants.image", "pk": 27, "fields": {"food": 27, "image_url": "https://image.shutterstock.com/image-photo/heaped-plate-delicious-italian-spaghetti-260nw-631925096.jpg"}}, {"model": "restaurants.image", "pk": 28, "fields": {"food": 28, "image_url": "https://image.shutterstock.com/image-photo/pasta-alla-puttanesca-garlic-olives-260nw-1437279164.jpg"}}, {"model": "restaurants.image", "pk": 29, "fields": {"food": 29, "image_url": "https://image.shutterstock.com/image-photo/pasta-spicy-tomato-sauce-parmesan-260nw-1007815945.jpg"}}, {"model": "restaurants.image", "pk": 30, "fields": {"food": 30, "image_url": "https://image.shutterstock.com/image-photo/spaghetti-fresh-tomato-sauce-mozzarella-260nw-1034719102.jpg"}}, {"model": "restaurants.image", "pk": 31, "fields": {"food": 31, "image_url": "https://image.shutterstock.com/image-photo/vegetarian-vegetable-pasta-fusilli-zucchini-260nw-460203955.jpg"}}, {"model": "restaurants.image", "pk": 32, "fields": {"food": 32, "image_url": "https://image.shutterstock.com/image-photo/spaghetti-pasta-tomato-sauce-chicken-260nw-1024060312.jpg"}}, {"model": "restaurants.image", "pk": 33, "fields": {"food": 33, "image_url": "https://images.unsplash.com/photo-1561758033-d89a9ad46330?ixid=MnwxMjA3fDB8MHxwaG90by1wYWdlfHx8fGVufDB8fHx8&ixlib=rb-1.2.1&auto=format&fit=crop&w=2250&q=80"}}, {"model": "restaurants.image", "pk": 34, "fields": {"food": 34, "image_url": "https://image.shutterstock.com/image-photo/hamburger-isolated-on-white-background-260nw-1906636207.jpg"}}, {"model": "restaurants.image", "pk": 35, "fields": {"food": 35, "image_url": "https://image.shutterstock.com/image-photo/homemade-burger-grilled-beef-meat-260nw-1922203061.jpg"}}, {"model": "restaurants.image", "pk": 36, "fields": {"food": 36, "image_url": "https://image.shutterstock.com/image-photo/classic-cheeseburger-beef-patty-pickles-260nw-1361627531.jpg"}}, {"model": "restaurants.image", "pk": 37, "fields": {"food": 37, "image_url": "https://image.shutterstock.com/image-photo/homemade-hamburger-fresh-vegetables-260nw-337714676.jpg"}}, {"model": "restaurants.image", "pk": 38, "fields": {"food": 38, "image_url": "https://image.shutterstock.com/image-photo/artisan-burger-sausage-pepperoni-260nw-1904235658.jpg"}}, {"model": "restaurants.image", "pk": 39, "fields": {"food": 39, "image_url": "https://image.shutterstock.com/image-photo/big-burger-american-fast-food-260nw-1937364322.jpg"}}, {"model": "restaurants.image", "pk": 40, "fields": {"food": 40, "image_url": "https://image.shutterstock.com/image-vector/hamburger-ads-design-on-blackboard-260nw-1346026241.jpg"}}, {"model": "restaurants.image", "pk": 41, "fields": {"food": 41, "image_url": "https://image.shutterstock.com/image-photo/delicious-fastfood-grilled-fresh-tasty-260nw-1480704188.jpg"}}, {"model": "restaurants.image", "pk": 42, "fields": {"food": 42, "image_url": "https://image.shutterstock.com/image-photo/two-homemade-beef-burgers-mushrooms-260nw-1009968298.jpg"}}, {"model": "restaurants.image", "pk": 43, "fields": {"food": 43, "image_url": "https://image.shutterstock.com/image-photo/burger-cheese-bacon-salad-vegetables-260nw-1684875982.jpg"}}, {"model": "restaurants.image", "pk": 44, "fields": {"food": 44, "image_url": "https://image.shutterstock.com/image-photo/grass-fed-bison-hamburger-lettuce-260nw-259773713.jpg"}}, {"model": "restaurants.image", "pk": 45, "fields": {"food": 45, "image_url": "https://image.shutterstock.com/image-photo/fast-food-burger-chicken-meat-260nw-1376206352.jpg"}}, {"model": "restaurants.image", "pk": 46, "fields": {"food": 46, "image_url": "https://image.shutterstock.com/image-photo/closeup-delicious-fresh-home-made-260nw-625844498.jpg"}}, {"model": "restaurants.image", "pk": 47, "fields": {"food": 47, "image_url": "https://image.shutterstock.com/image-photo/two-delicious-homemade-burgers-beef-260nw-1938676873.jpg"}}, {"model": "restaurants.image", "pk": 48, "fields": {"food": 48, "image_url": "https://image.shutterstock.com/image-photo/bbq-hamburger-on-stone-table-260nw-89536951.jpg"}}, {"model": "restaurants.image", "pk": 49, "fields": {"food": 49, "image_url": "http://www.busan.com/nas/wcms/wcms_data/photos/2019/10/31/2019103120003838156_l.jpg"}}, {"model": "restaurants.image", "pk": 50, "fields": {"food": 50, "image_url": "https://image.shutterstock.com/image-photo/dish-korean-cuisine-blood-sausage-600w-1694741320.jpg"}}, {"model": "restaurants.image", "pk": 51, "fields": {"food": 51, "image_url": "https://image.shutterstock.com/image-photo/18th-july-2020-jeonjusi-south-600w-1793861488.jpg"}}, {"model": "restaurants.image", "pk": 52, "fields": {"food": 52, "image_url": "https://image.shutterstock.com/image-photo/dish-korean-cuisine-blood-sausage-600w-1694741320.jpg"}}, {"model": "restaurants.image", "pk": 53, "fields": {"food": 53, "image_url": "https://image.shutterstock.com/image-photo/short-rib-soup-600w-1296759631.jpg"}}, {"model": "restaurants.image", "pk": 54, "fields": {"food": 54, "image_url": "https://image.shutterstock.com/image-photo/dish-korean-cuisine-blood-sausage-600w-1694741320.jpg"}}, {"model": "restaurants.image", "pk": 55, "fields": {"food": 55, "image_url": "https://image.shutterstock.com/image-photo/deep-delicious-sundae-soup-600w-1991032172.jpg"}}, {"model": "restaurants.image", "pk": 56, "fields": {"food": 56, "image_url": "https://image.shutterstock.com/image-photo/18th-july-2020-jeonjusi-south-600w-1793861488.jpg"}}, {"model": "restaurants.image", "pk": 57, "fields": {"food": 57, "image_url": "https://image.shutterstock.com/image-photo/korean-tradition-food-sundae-gukbap-600w-1390183358.jpg"}}, {"model": "restaurants.image", "pk": 58, "fields": {"food": 58, "image_url": "https://image.shutterstock.com/image-photo/korean-traditional-foods-such-sundae-600w-1755000110.jpg"}}, {"model": "restaurants.image", "pk": 59, "fields": {"food": 59, "image_url": "https://image.shutterstock.com/image-photo/kimchi-soup-tofu-egg-korean-600w-1918607468.jpg"}}, {"model": "restaurants.image", "pk": 60, "fields": {"food": 60, "image_url": "https://image.shutterstock.com/image-photo/korean-spicy-beef-soup-600w-379505101.jpg"}}, {"model": "restaurants.image", "pk": 61, "fields": {"food": 61, "image_url": "https://image.shutterstock.com/image-photo/korean-traditional-foods-such-sundae-600w-1755000110.jpg"}}, {"model": "restaurants.image", "pk": 62, "fields": {"food": 62, "image_url": "https://image.shutterstock.com/image-photo/spicy-bean-sprout-beef-soup-600w-1393051994.jpg"}}, {"model": "restaurants.image", "pk": 63, "fields": {"food": 63, "image_url": "https://image.shutterstock.com/image-photo/korean-food-pork-rib-hangover-600w-1870192135.jpg"}}, {"model": "restaurants.image", "pk": 64, "fields": {"food": 64, "image_url": "https://image.shutterstock.com/image-photo/bean-sprout-soup-korean-called-600w-1441427510.jpg"}}, {"model": "restaurants.image", "pk": 65, "fields": {"food": 65, "image_url": "http://www.nbn-news.co.kr/news/photo/201911/43932_43163_599.jpg"}}, {"model": "restaurants.image", "pk": 66, "fields": {"food": 66, "image_url": "https://image.shutterstock.com/image-photo/chinese-roasted-pork-belly-on-600w-1283480023.jpg"}}, {"model": "restaurants.image", "pk": 67, "fields": {"food": 67, "image_url": "https://image.shutterstock.com/image-photo/grilled-pork-belly-served-on-600w-1674913597.jpg"}}, {"model": "restaurants.image", "pk": 68, "fields": {"food": 68, "image_url": "https://image.shutterstock.com/image-photo/delicious-spicy-stir-fried-squid-600w-791027635.jpg"}}, {"model": "restaurants.image", "pk": 69, "fields": {"food": 69, "image_url": "https://image.shutterstock.com/image-photo/grilled-pork-steaks-neck-addition-600w-1413464792.jpg"}}, {"model": "restaurants.image", "pk": 70, "fields": {"food": 70, "image_url": "https://image.shutterstock.com/image-photo/grilled-pork-beef-korean-bbq-600w-1859099017.jpg"}}, {"model": "restaurants.image", "pk": 71, "fields": {"food": 71, "image_url": "https://image.shutterstock.com/image-photo/korean-style-pork-bbq-samgyupsal-600w-472404826.jpg"}}, {"model": "restaurants.image", "pk": 72, "fields": {"food": 72, "image_url": "https://image.shutterstock.com/image-photo/barbecued-pork-spare-ribs-600w-115478152.jpg"}}, {"model": "restaurants.image", "pk": 73, "fields": {"food": 73, "image_url": "https://image.shutterstock.com/image-photo/food-that-baked-whole-pork-600w-1885806106.jpg"}}, {"model": "restaurants.image", "pk": 74, "fields": {"food": 74, "image_url": "https://image.shutterstock.com/image-photo/crispy-pork-belly-cooked-chili-600w-1849238197.jpg"}}, {"model": "restaurants.image", "pk": 75, "fields": {"food": 75, "image_url": "https://image.shutterstock.com/image-photo/crispy-roast-pork-belly-slice-600w-469471904.jpg"}}, {"model": "restaurants.image", "pk": 76, "fields": {"food": 76, "image_url": "https://image.shutterstock.com/image-photo/grilled-beef-steaks-spices-on-600w-439021402.jpg"}}, {"model": "restaurants.image", "pk": 77, "fields": {"food": 77, "image_url": "https://image.shutterstock.com/image-photo/fried-pork-belly-on-wood-600w-643248523.jpg"}}, {"model": "restaurants.image", "pk": 78, "fields": {"food": 78, "image_url": "https://image.shutterstock.com/image-photo/delicious-artisanal-whole-smoked-slab-600w-762452203.jpg"}}, {"model": "restaurants.image", "pk": 79, "fields": {"food": 79, "image_url": "https://image.shutterstock.com/image-photo/crispy-roast-pork-belly-slice-600w-469471931.jpg"}}, {"model": "restaurants.image", "pk": 80, "fields": {"food": 80, "image_url": "https://image.shutterstock.com/image-photo/grilled-pork-belly-slices-on-600w-285356417.jpg"}}, {"model": "restaurants.image", "pk": 81, "fields": {"food": 81, "image_url": "http://recipe.gabia.io/pds/upfile/2020-08-20_620177542[4].jpg"}}, {"model": "restaurants.image", "pk": 82, "fields": {"food": 82, "image_url": "https://image.shutterstock.com/image-photo/spicy-noodles-korean-traditional-food-600w-1745596628.jpg"}}, {"model": "restaurants.image", "pk": 83, "fields": {"food": 83, "image_url": "https://image.shutterstock.com/image-photo/cold-noodles-on-white-background-600w-1975482707.jpg"}}, {"model": "restaurants.image", "pk": 84, "fields": {"food": 84, "image_url": "https://image.shutterstock.com/image-photo/steamed-gyoza-dumpling-stuffed-ground-600w-1934835875.jpg"}}, {"model": "restaurants.image", "pk": 85, "fields": {"food": 85, "image_url": "https://image.shutterstock.com/image-photo/singaporean-noodles-shrimps-vegetables-600w-1904956432.jpg"}}, {"model": "restaurants.image", "pk": 86, "fields": {"food": 86, "image_url": "https://image.shutterstock.com/image-photo/bun-cha-vietnamese-cold-white-600w-769738648.jpg"}}, {"model": "restaurants.image", "pk": 87, "fields": {"food": 87, "image_url": "https://image.shutterstock.com/image-photo/bun-cha-northern-vietnamese-noodle-600w-598699073.jpg"}}, {"model": "restaurants.image", "pk": 88, "fields": {"food": 88, "image_url": "https://image.shutterstock.com/image-photo/bun-cha-set-grilled-pork-600w-1333298153.jpg"}}, {"model": "restaurants.image", "pk": 89, "fields": {"food": 89, "image_url": "https://image.shutterstock.com/image-photo/korea-traditional-noodle-food-summer-600w-1879000351.jpg"}}, {"model": "restaurants.image", "pk": 90, "fields": {"food": 90, "image_url": "https://image.shutterstock.com/image-photo/spicy-noodles-korean-traditional-food-600w-1745596628.jpg"}}, {"model": "restaurants.image", "pk": 91, "fields": {"food": 91, "image_url": "https://image.shutterstock.com/image-photo/korea-traditional-noodle-food-summer-600w-1879000369.jpg"}}, {"model": "restaurants.image", "pk": 92, "fields": {"food": 92, "image_url": "https://image.shutterstock.com/image-photo/japanese-gyoza-dumplings-snack-soy-600w-1077236537.jpg"}}, {"model": "restaurants.image", "pk": 93, "fields": {"food": 93, "image_url": "https://image.shutterstock.com/image-photo/pyongyang-naengmyeon-korean-noodle-dish-600w-1630251769.jpg"}}, {"model": "restaurants.image", "pk": 94, "fields": {"food": 94, "image_url": "https://image.shutterstock.com/image-photo/bibimnaengmyeon-uses-buckwheat-noodles-rinse-600w-1882182130.jpg"}}, {"model": "restaurants.image", "pk": 95, "fields": {"food": 95, "image_url": "https://image.shutterstock.com/image-photo/pyongyang-naengmyeon-korean-noodle-dish-600w-1639823662.jpg"}}, {"model": "restaurants.image", "pk": 96, "fields": {"food": 96, "image_url": "https://image.shutterstock.com/image-photo/mung-bean-pancake-korean-style-600w-1715208742.jpg"}}, {"model": "restaurants.image", "pk": 97, "fields": {"food": 97, "image_url": "https://images.unsplash.com/photo-1579871494447-9811cf80d66c?ixid=MnwxMjA3fDB8MHxzZWFyY2h8M3x8c3VzaGl8ZW58MHwwfDB8fA%3D%3D&ixlib=rb-1.2.1&auto=format&fit=crop&w=800&q=60"}}, {"model": "restaurants.image", "pk": 98, "fields": {"food": 98, "image_url": "https://t1.daumcdn.net/cfile/tistory/99A3524B5C5CF2FB1B"}}, {"model": "restaurants.image", "pk": 99, "fields": {"food": 99, "image_url": "https://www.maybugs.com/news/photo/201810/646697_520375_175.jpeg"}}, {"model": "restaurants.image", "pk": 100, "fields": {"food": 100, "image_url": "https://images.hive.blog/0x0/https://img1.daumcdn.net/thumb/R1920x0/?fname=http%3A%2F%2Fcfile5.uf.tistory.com%2Fimage%2F9956EF4B5BCC3F3621178C"}}, {"model": "restaurants.image", "pk": 101, "fields": {"food": 101, "image_url": "https://s3-eu-west-1.amazonaws.com/straus/media/products2/4831.jpg"}}, {"model": "restaurants.image", "pk": 102, "fields": {"food": 102, "image_url": "https://cdn.lightning-ashe.com/wp-content/uploads/2017/08/APC_0111.jpg"}}, {"model": "restaurants.image", "pk": 103, "fields": {"food": 103, "image_url": "https://www.thingoolmarket.com/data/plus_review/1000017119/211ca2fd0be459f1"}}, {"model": "restaurants.image", "pk": 104, "fields": {"food": 104, "image_url": "https://mblogthumb-phinf.pstatic.net/MjAyMDA2MTBfNzgg/MDAxNTkxODAxMDI4NDE5.kEroHN4BRAFzPMxNGjnhQhL3mbYQ4abj_UB6rJfXsgog.PlMz76u-pakdDSSnZps-gAo22ebhEeyDQ8OGlswtITAg.JPEG.jmmmlp/IMG_9673.jpg?type=w800"}}, {"model": "restaurants.image", "pk": 105, "fields": {"food": 105, "image_url": "https://mblogthumb-phinf.pstatic.net/MjAyMTA1MDJfMTA1/MDAxNjE5ODk1NjU0NDcy.o4su_UlRbe9WnwM4D8Ifbvcmih5OJFg5jSKoOY_XYrgg.o0ObYkvb0SUlS59TAgKZ7qPp2KUTYUzSJshlMQfuSt0g.JPEG.dns03191/1619895653216.jpg?type=w800"}}, {"model": "restaurants.image", "pk": 106, "fields": {"food": 106, "image_url": "https://blog.kakaocdn.net/dn/HRGjY/btqBS50dREm/pcsv5MJu5pWUsYvKzTwQyK/img.jpg"}}, {"model": "restaurants.image", "pk": 107, "fields": {"food": 107, "image_url": "https://img1.daumcdn.net/thumb/R720x0.q80/?scode=mtistory2&fname=http%3A%2F%2Fcfile27.uf.tistory.com%2Fimage%2F99CD093A5B88E8A928C6CB"}}, {"model": "restaurants.image", "pk": 108, "fields": {"food": 108, "image_url": "https://mblogthumb-phinf.pstatic.net/MjAxNzEwMjJfMTE1/MDAxNTA4NjMyMzc2NjM1.MxVVGJqRcqNPBEhIM9XBwMvbk149_K7WdQcyADCRC0og.leUJEHCJTiQ9bz82Psfbnh_LALhCyp8uIM4i7wv0bjcg.JPEG.ulianof/20171022_091430.jpg?type=w800"}}, {"model": "restaurants.image", "pk": 109, "fields": {"food": 109, "image_url": "https://mblogthumb-phinf.pstatic.net/MjAxNzEwMjdfMzIg/MDAxNTA5MTEzMTUyNTU5.bIO6LUvJvPM24vmAzlf2n7QNT38fKW7CTAHNsF3mFiIg.3zH9jinJBfDrnkQ1RU9sEcGtSUhm3zEzBPrpQCqbpQEg.JPEG.966kmj/IMG_5901.jpg?type=w800"}}, {"model": "restaurants.image", "pk": 110, "fields": {"food": 110, "image_url": "https://img1.daumcdn.net/thumb/R800x0/?scode=mtistory2&fname=https%3A%2F%2Ft1.daumcdn.net%2Fcfile%2Ftistory%2F222A1040511545AB15"}}, {"model": "restaurants.image", "pk": 111, "fields": {"food": 111, "image_url": "https://img1.daumcdn.net/thumb/R800x0/?scode=mtistory2&fname=https%3A%2F%2Ft1.daumcdn.net%2Fcfile%2Ftistory%2F221EC13E5599086223"}}, {"model": "restaurants.image", "pk": 112, "fields": {"food": 112, "image_url": "https://pbs.twimg.com/media/DDKvKohVYAEG7hi.jpg"}}, {"model": "restaurants.image", "pk": 113, "fields": {"food": 113, "image_url": "https://contents.lotteon.com/itemimage/LO/12/88/67/99/51/_1/28/86/79/95/2/LO1288679951_1288679952_1.jpg/dims/resizef/720X720"}}, {"model": "restaurants.image", "pk": 114, "fields": {"food": 114, "image_url": "http://image.auction.co.kr/itemimage/18/f4/95/18f495bcc1.jpg"}}, {"model": "restaurants.image", "pk": 115, "fields": {"food": 115, "image_url": "https://mblogthumb-phinf.pstatic.net/MjAxOTAzMDZfMTQz/MDAxNTUxODc5NDgwMzMw.OOtH-W6cXkQhfFu4IXRuMTMQsi1bnh9fkyuVVFq-CgEg.fxL0IIlkSUlgafL2SH5wkPPbjI7w7FyCvdR2VEyTC5Ag.JPEG.livearmy3710/%EB%B8%8C%EB%9D%BC%EC%9A%B4%EB%8F%88%EA%B9%8C%EC%8A%A4_%EC%BD%A4%EB%B3%B4%EB%8F%88%EA%B9%8C%EC%8A%A4.jpg?type=w800"}}, {"model": "restaurants.image", "pk": 116, "fields": {"food": 116, "image_url": "https://mblogthumb-phinf.pstatic.net/MjAxOTExMjlfMjc0/MDAxNTc0OTgzMjc3MjQ5.0RCkeqG-WRdPFQZzbG_GwzmMQSw46KDJbesGvn7GEZAg.e7H6E72VM2w9QQvsHfvoSZErxhhUJD6lbMGKR90nHQMg.JPEG.0122lke/20191103_201614.jpg?type=w2"}}, {"model": "restaurants.image", "pk": 117, "fields": {"food": 117, "image_url": "https://mblogthumb-phinf.pstatic.net/20150910_115/poupille_1441874749925x2Pe0_JPEG/roastkatsu.jpg?type=w2"}}, {"model": "restaurants.image", "pk": 118, "fields": {"food": 118, "image_url": "https://blog.kakaocdn.net/dn/BOns6/btqRGpAZs2g/PsH1bBBQrUnSKkpq2XqEjk/img.png"}}, {"model": "restaurants.image", "pk": 119, "fields": {"food": 119, "image_url": "http://img3.tmon.kr/cdn2/deals/2018/11/23/1663305354/front_b28e3_3irrh.jpg"}}, {"model": "restaurants.image", "pk": 120, "fields": {"food": 120, "image_url": "https://mblogthumb-phinf.pstatic.net/20160905_207/qkrkehowl1_14730446194757S5PN_JPEG/3def8c9a-a36a-4597-aa28-d70ab6fb2b6b.jpg?type=w800"}}, {"model": "restaurants.image", "pk": 121, "fields": {"food": 121, "image_url": "https://mblogthumb-phinf.pstatic.net/MjAxOTA2MjhfMTA2/MDAxNTYxNjk0MzI5MzA0.pH8MnIi4bleCHjRzUMXclgNjftyM4JMpUmTbIT0phKQg.jVm9idpMReCPqDla0gg_fYfV4CM4_Th3Ul45Z1ub7Jcg.JPEG.tnrus90/KakaoTalk_20190628_123826241.jpg?type=w800"}}, {"model": "restaurants.image", "pk": 122, "fields": {"food": 122, "image_url": "http://image.auction.co.kr/itemimage/17/54/8b/17548b1066.jpg"}}, {"model": "restaurants.image", "pk": 123, "fields": {"food": 123, "image_url": "https://cdn.imweb.me/thumbnail/20190720/f2ff77cafee6c.jpg"}}, {"model": "restaurants.image", "pk": 124, "fields": {"food": 124, "image_url": "https://post-phinf.pstatic.net/MjAxNzExMjJfMjQ3/MDAxNTExMzE0NzU2NjM0.LCpz0eypfas9Ia228W31-JvpNklGsoGsD6l8d7b8sfwg.oS__GSUifHom5RlW5_FNVkdfUSevuWJtYqkDyj5dSDog.JPEG/%EA%B0%80%EC%B8%A0%EB%AA%BD_%285%29.jpg?type=w1200"}}, {"model": "restaurants.image", "pk": 125, "fields": {"food": 125, "image_url": "https://mblogthumb-phinf.pstatic.net/MjAyMDA5MDVfMjIy/MDAxNTk5Mjc4Mzc0NDYz.mR-_XLquLXSU61xtz9kzAw_Q4IZdcADl8n1NJGjUh50g.nUx55F_V4UZhufulbtUe3VVkX67xZe44E-qSpb9EZl8g.JPEG.hannasla/IMG_1215.JPG?type=w2"}}, {"model": "restaurants.image", "pk": 126, "fields": {"food": 126, "image_url": "https://mblogthumb-phinf.pstatic.net/MjAxODExMTJfMjky/MDAxNTQyMDE2NDE1MTc4.A_gfUswzbcLJJFv6sgli2gpjQ8vqB8UuoM_et8hcrFAg.NRRhZ4R8kypKtiO1KjYTwMsC7V3WB4YkIbZRrqk7f8Ug.JPEG.handi0814/attachImage_870593140.jpeg?type=w800"}}, {"model": "restaurants.image", "pk": 127, "fields": {"food": 127, "image_url": "https://mblogthumb-phinf.pstatic.net/MjAyMTA0MjRfMjY2/MDAxNjE5MjM3NTM5NjY5.Khq_oA6DvXY2oQcNLT6QaXP7O9EmW-y8VfhT5S0t7pIg.P0F_Tpim54OmnRcRrz1QBnRfK5KdPZZy9m7ZXrNp9CQg.JPEG.miraeoutlets/KakaoTalk_20210424_131133369.jpg?type=w800"}}, {"model": "restaurants.image", "pk": 128, "fields": {"food": 128, "image_url": "https://mblogthumb-phinf.pstatic.net/MjAyMDA1MDZfMTQg/MDAxNTg4NzczNjU0MTQ5._4ZKHxOO4z4q2qeNlRo_EcXgLdPuPeWspW1XXEbg8Mog.1NwgOtZcF7NdScyVo3KuY6qh--dnzIjMyO28Dbxx-scg.JPEG.mimiu20/%EA%B8%88%EC%B2%9C%EB%8F%99_%EC%A7%B1%EC%9D%B4%EB%84%A4_%EC%88%98%EC%A0%9C_%EB%A7%A4%EC%BD%A4_%EB%8F%88%EA%B9%8C%EC%8A%A4_(2).jpg?type=w800"}}, {"model": "restaurants.image", "pk": 129, "fields": {"food": 129, "image_url": "https://cdn.crowdpic.net/list-thumb/thumb_l_6629C59D818BCAAAA0560AC2F53E7FAE.jpg"}}, {"model": "restaurants.image", "pk": 130, "fields": {"food": 130, "image_url": "https://mblogthumb-phinf.pstatic.net/MjAxODA2MjdfMjI4/MDAxNTMwMDg4NjgxODA4.GXd43sm1gcciSw6IctH42k9q8v3yBmHwJWMhdCH4wBMg.XhpTnKwf_xcJCnCeddrZ3UdPT3x3ICd6JOjn_1NRxu4g.JPEG.homoscriptus/P20180626_164350000_2B887485-C20E-4A92-81F8-402A767E8D4C.JPG?type=w800"}}, {"model": "restaurants.image", "pk": 131, "fields": {"food": 131, "image_url": "https://recipe1.ezmember.co.kr/cache/recipe/2020/04/26/b02593e99841b781f124d548e2af45f51.jpg"}}, {"model": "restaurants.image", "pk": 132, "fields": {"food": 132, "image_url": "https://pbs.twimg.com/media/DwmRAtLUcAAWjOE.jpg"}}, {"model": "restaurants.image", "pk": 133, "fields": {"food": 133, "image_url": "https://cloudfront.haemukja.com/vh.php?url=https://d1hk7gw6lgygff.cloudfront.net/uploads/direction/image_file/40251/org_resized_5.jpg&convert=jpgmin&rt=600"}}, {"model": "restaurants.image", "pk": 134, "fields": {"food": 134, "image_url": "https://recipe1.ezmember.co.kr/cache/recipe/2015/03/17/5f6b14267dbbadf3af0149041e6726451.jpg"}}, {"model": "restaurants.image", "pk": 135, "fields": {"food": 135, "image_url": "https://img1.daumcdn.net/thumb/R720x0.q80/?scode=mtistory2&fname=http%3A%2F%2Fcfile27.uf.tistory.com%2Fimage%2F016C3A3751CAA8D505F571"}}, {"model": "restaurants.image", "pk": 136, "fields": {"food": 136, "image_url": "https://recipe1.ezmember.co.kr/cache/recipe/2018/09/23/d5bf99a499ca4404ca4bed9c23795ea71.jpg"}}, {"model": "restaurants.image", "pk": 137, "fields": {"food": 137, "image_url": "https://mp-seoul-image-production-s3.mangoplate.com/mango_pick/lpofuiphj64g5b.jpg?fit=around|600:*&crop=600:*;*,*&output-format=jpg&output-quality=80"}}, {"model": "restaurants.image", "pk": 138, "fields": {"food": 138, "image_url": "https://cloudfront.haemukja.com/vh.php?url=https://d1hk7gw6lgygff.cloudfront.net/uploads/direction/image_file/20064/pad_thumb______.jpg&convert=jpgmin&rt=600"}}, {"model": "restaurants.image", "pk": 139, "fields": {"food": 139, "image_url": "https://lh3.googleusercontent.com/proxy/3griIc-oJg-oiMsbeg0zQG2A2Hc3O8XabIxkRMZ1wGgi9EhvKUb-UfW22IJNxFDjnFPeuLrWUYYYO_A"}}, {"model": "restaurants.image", "pk": 140, "fields": {"food": 140, "image_url": "https://www.newiki.net/w/images/thumb/f/fe/Hitsumabushi.jpg/450px-Hitsumabushi.jpg"}}, {"model": "restaurants.image", "pk": 141, "fields": {"food": 141, "image_url": "https://recipe1.ezmember.co.kr/cache/recipe/2019/03/18/05de057e4777fdfed38f3ab95c9efeab1.jpg"}}, {"model": "restaurants.image", "pk": 142, "fields": {"food": 142, "image_url": "https://i.imgur.com/GaVzqNs.jpg"}}, {"model": "restaurants.image", "pk": 143, "fields": {"food": 143, "image_url": "https://search.pstatic.net/common/?autoRotate=true&quality=95&type=f400_300&src=https%3A%2F%2Fldb-phinf.pstatic.net%2F20180223_178%2F1519365568612JNi9e_JPEG%2FdjcYuH1hDFkK59Ng1bpqzDgd.jpg"}}, {"model": "restaurants.image", "pk": 144, "fields": {"food": 144, "image_url": "https://lh3.googleusercontent.com/proxy/LmT_ZK6rlHxjLkMAshWa9tJUzqwFh7eitG_euC5F0O-3Mz37YyKSl7ssnv4rhdxTT0Vol42U3SdgDccFNK9mqJ3GZG_cSrWHFKrxl9A8jcd6Ww-2LvqP33UPkEn6Zizm4TA7amHmdsJtgg"}}]